grid_id,lat,lon,x_km,y_km,baseline_time,pred_pm25
0,40.63241,-74.23162,-2.1602995,-2.5850744,1733176800,0.5942943
1,40.63241,-74.229256,-1.9602995,-2.5850744,1733176800,0.56593364
2,40.63241,-74.22688,-1.7602994,-2.5850744,1733176800,0.54165727
3,40.63241,-74.22451,-1.5602994,-2.5850744,1733176800,0.5212148
4,40.63241,-74.22214,-1.3602993,-2.5850744,1733176800,0.5046767
5,40.63241,-74.21977,-1.1602993,-2.5850744,1733176800,0.49141645
6,40.63241,-74.2174,-0.96029925,-2.5850744,1733176800,0.4809953
7,40.63241,-74.21503,-0.7602992,-2.5850744,1733176800,0.47309357
8,40.63241,-74.212654,-0.56029916,-2.5850744,1733176800,0.46744537
9,40.63241,-74.21029,-0.3602991,-2.5850744,1733176800,0.4638359
10,40.63241,-74.20792,-0.16029906,-2.5850744,1733176800,0.4621808
11,40.63241,-74.20554,0.039700985,-2.5850744,1733176800,0.46234232
12,40.63241,-74.20317,0.23970103,-2.5850744,1733176800,0.4645574
13,40.63241,-74.200806,0.43970108,-2.5850744,1733176800,0.46910024
14,40.63241,-74.19843,0.6397011,-2.5850744,1733176800,0.4764133
15,40.63241,-74.19606,0.8397012,-2.5850744,1733176800,0.48712498
16,40.63241,-74.19369,1.0397012,-2.5850744,1733176800,0.50191176
17,40.63241,-74.19132,1.2397013,-2.5850744,1733176800,0.5216968
18,40.63241,-74.18895,1.4397013,-2.5850744,1733176800,0.54753155
19,40.63241,-74.18658,1.6397014,-2.5850744,1733176800,0.579398
20,40.63241,-74.184204,1.8397014,-2.5850744,1733176800,0.61730725
21,40.63241,-74.18184,2.0397015,-2.5850744,1733176800,0.6604194
22,40.63241,-74.17947,2.2397015,-2.5850744,1733176800,0.7081893
23,40.63241,-74.17709,2.4397016,-2.5850744,1733176800,0.75978696
24,40.63241,-74.17472,2.6397016,-2.5850744,1733176800,0.8171925
25,40.63241,-74.172356,2.8397017,-2.5850744,1733176800,0.8777513
26,40.634205,-74.23162,-2.1602995,-2.3850744,1733176800,0.55145127
27,40.634205,-74.229256,-1.9602995,-2.3850744,1733176800,0.5249872
28,40.634205,-74.22688,-1.7602994,-2.3850744,1733176800,0.50309026
29,40.634205,-74.22451,-1.5602994,-2.3850744,1733176800,0.48534065
30,40.634205,-74.22214,-1.3602993,-2.3850744,1733176800,0.47107106
31,40.634205,-74.21977,-1.1602993,-2.3850744,1733176800,0.4601112
32,40.634205,-74.2174,-0.96029925,-2.3850744,1733176800,0.45197892
33,40.634205,-74.21503,-0.7602992,-2.3850744,1733176800,0.4460688
34,40.634205,-74.212654,-0.56029916,-2.3850744,1733176800,0.4420694
35,40.634205,-74.21029,-0.3602991,-2.3850744,1733176800,0.43969992
36,40.634205,-74.20792,-0.16029906,-2.3850744,1733176800,0.4388061
37,40.634205,-74.20554,0.039700985,-2.3850744,1733176800,0.43935728
38,40.634205,-74.20317,0.23970103,-2.3850744,1733176800,0.44141996
39,40.634205,-74.200806,0.43970108,-2.3850744,1733176800,0.445294
40,40.634205,-74.19843,0.6397011,-2.3850744,1733176800,0.4513962
41,40.634205,-74.19606,0.8397012,-2.3850744,1733176800,0.46035045
42,40.634205,-74.19369,1.0397012,-2.3850744,1733176800,0.47334343
43,40.634205,-74.19132,1.2397013,-2.3850744,1733176800,0.4910074
44,40.634205,-74.18895,1.4397013,-2.3850744,1733176800,0.5140574
45,40.634205,-74.18658,1.6397014,-2.3850744,1733176800,0.54379493
46,40.634205,-74.184204,1.8397014,-2.3850744,1733176800,0.5799005
47,40.634205,-74.18184,2.0397015,-2.3850744,1733176800,0.6219372
48,40.634205,-74.17947,2.2397015,-2.3850744,1733176800,0.66881084
49,40.634205,-74.17709,2.4397016,-2.3850744,1733176800,0.7196827
50,40.634205,-74.17472,2.6397016,-2.3850744,1733176800,0.7748495
51,40.634205,-74.172356,2.8397017,-2.3850744,1733176800,0.8344352
52,40.636005,-74.23162,-2.1602995,-2.1850743,1733176800,0.5139828
53,40.636005,-74.229256,-1.9602995,-2.1850743,1733176800,0.49041396
54,40.636005,-74.22688,-1.7602994,-2.1850743,1733176800,0.47111696
55,40.636005,-74.22451,-1.5602994,-2.1850743,1733176800,0.45607919
56,40.636005,-74.22214,-1.3602993,-2.1850743,1733176800,0.44463187
57,40.636005,-74.21977,-1.1602993,-2.1850743,1733176800,0.43605074
58,40.636005,-74.2174,-0.96029925,-2.1850743,1733176800,0.43001574
59,40.636005,-74.21503,-0.7602992,-2.1850743,1733176800,0.42596266
60,40.636005,-74.212654,-0.56029916,-2.1850743,1733176800,0.42348993
61,40.636005,-74.21029,-0.3602991,-2.1850743,1733176800,0.42230427
62,40.636005,-74.20792,-0.16029906,-2.1850743,1733176800,0.42219487
63,40.636005,-74.20554,0.039700985,-2.1850743,1733176800,0.4230814
64,40.636005,-74.20317,0.23970103,-2.1850743,1733176800,0.42504197
65,40.636005,-74.200806,0.43970108,-2.1850743,1733176800,0.42832378
66,40.636005,-74.19843,0.6397011,-2.1850743,1733176800,0.43344337
67,40.636005,-74.19606,0.8397012,-2.1850743,1733176800,0.4410287
68,40.636005,-74.19369,1.0397012,-2.1850743,1733176800,0.45180103
69,40.636005,-74.19132,1.2397013,-2.1850743,1733176800,0.4667781
70,40.636005,-74.18895,1.4397013,-2.1850743,1733176800,0.4874615
71,40.636005,-74.18658,1.6397014,-2.1850743,1733176800,0.514064
72,40.636005,-74.184204,1.8397014,-2.1850743,1733176800,0.5477427
73,40.636005,-74.18184,2.0397015,-2.1850743,1733176800,0.58788437
74,40.636005,-74.17947,2.2397015,-2.1850743,1733176800,0.63350177
75,40.636005,-74.17709,2.4397016,-2.1850743,1733176800,0.6834561
76,40.636005,-74.17472,2.6397016,-2.1850743,1733176800,0.73671305
77,40.636005,-74.172356,2.8397017,-2.1850743,1733176800,0.7950521
78,40.637802,-74.23162,-2.1602995,-1.9850743,1733176800,0.48284012
79,40.637802,-74.229256,-1.9602995,-1.9850743,1733176800,0.46171266
80,40.637802,-74.22688,-1.7602994,-1.9850743,1733176800,0.4455891
81,40.637802,-74.22451,-1.5602994,-1.9850743,1733176800,0.4332285
82,40.637802,-74.22214,-1.3602993,-1.9850743,1733176800,0.42430568
83,40.637802,-74.21977,-1.1602993,-1.9850743,1733176800,0.41803002
84,40.637802,-74.2174,-0.96029925,-1.9850743,1733176800,0.4139244
85,40.637802,-74.21503,-0.7602992,-1.9850743,1733176800,0.41154474
86,40.637802,-74.212654,-0.56029916,-1.9850743,1733176800,0.4104892
87,40.637802,-74.21029,-0.3602991,-1.9850743,1733176800,0.41041648
88,40.637802,-74.20792,-0.16029906,-1.9850743,1733176800,0.41106015
89,40.637802,-74.20554,0.039700985,-1.9850743,1733176800,0.4123073
90,40.637802,-74.20317,0.23970103,-1.9850743,1733176800,0.4142154
91,40.637802,-74.200806,0.43970108,-1.9850743,1733176800,0.41701043
92,40.637802,-74.19843,0.6397011,-1.9850743,1733176800,0.42112756
93,40.637802,-74.19606,0.8397012,-1.9850743,1733176800,0.42719045
94,40.637802,-74.19369,1.0397012,-1.9850743,1733176800,0.43615353
95,40.637802,-74.19132,1.2397013,-1.9850743,1733176800,0.4488474
96,40.637802,-74.18895,1.4397013,-1.9850743,1733176800,0.46628088
97,40.637802,-74.18658,1.6397014,-1.9850743,1733176800,0.49020892
98,40.637802,-74.184204,1.8397014,-1.9850743,1733176800,0.52052814
99,40.637802,-74.18184,2.0397015,-1.9850743,1733176800,0.55825925
100,40.637802,-74.17947,2.2397015,-1.9850743,1733176800,0.6021
101,40.637802,-74.17709,2.4397016,-1.9850743,1733176800,0.6507164
102,40.637802,-74.17472,2.6397016,-1.9850743,1733176800,0.7030972
103,40.637802,-74.172356,2.8397017,-1.9850743,1733176800,0.75875765
104,40.639603,-74.23162,-2.1602995,-1.7850742,1733176800,0.4570169
105,40.639603,-74.229256,-1.9602995,-1.7850742,1733176800,0.43908066
106,40.639603,-74.22688,-1.7602994,-1.7850742,1733176800,0.42557925
107,40.639603,-74.22451,-1.5602994,-1.7850742,1733176800,0.41576177
108,40.639603,-74.22214,-1.3602993,-1.7850742,1733176800,0.4089753
109,40.639603,-74.21977,-1.1602993,-1.7850742,1733176800,0.4047143
110,40.639603,-74.2174,-0.96029925,-1.7850742,1733176800,0.40244028
111,40.639603,-74.21503,-0.7602992,-1.7850742,1733176800,0.40166223
112,40.639603,-74.212654,-0.56029916,-1.7850742,1733176800,0.4019422
113,40.639603,-74.21029,-0.3602991,-1.7850742,1733176800,0.4029165
114,40.639603,-74.20792,-0.16029906,-1.7850742,1733176800,0.40427992
115,40.639603,-74.20554,0.039700985,-1.7850742,1733176800,0.4058392
116,40.639603,-74.20317,0.23970103,-1.7850742,1733176800,0.4076429
117,40.639603,-74.200806,0.43970108,-1.7850742,1733176800,0.40995532
118,40.639603,-74.19843,0.6397011,-1.7850742,1733176800,0.413166
119,40.639603,-74.19606,0.8397012,-1.7850742,1733176800,0.41787407
120,40.639603,-74.19369,1.0397012,-1.7850742,1733176800,0.42497897
121,40.639603,-74.19132,1.2397013,-1.7850742,1733176800,0.43548685
122,40.639603,-74.18895,1.4397013,-1.7850742,1733176800,0.45040858
123,40.639603,-74.18658,1.6397014,-1.7850742,1733176800,0.47085053
124,40.639603,-74.184204,1.8397014,-1.7850742,1733176800,0.49835628
125,40.639603,-74.18184,2.0397015,-1.7850742,1733176800,0.53275365
126,40.639603,-74.17947,2.2397015,-1.7850742,1733176800,0.5742536
127,40.639603,-74.17709,2.4397016,-1.7850742,1733176800,0.6213116
128,40.639603,-74.17472,2.6397016,-1.7850742,1733176800,0.67243963
129,40.639603,-74.172356,2.8397017,-1.7850742,1733176800,0.7267625
130,40.6414,-74.23162,-2.1602995,-1.5850742,1733176800,0.43654525
131,40.6414,-74.229256,-1.9602995,-1.5850742,1733176800,0.42127085
132,40.6414,-74.22688,-1.7602994,-1.5850742,1733176800,0.41009617
133,40.6414,-74.22451,-1.5602994,-1.5850742,1733176800,0.4024168
134,40.6414,-74.22214,-1.3602993,-1.5850742,1733176800,0.3976678
135,40.6414,-74.21977,-1.1602993,-1.5850742,1733176800,0.3952858
136,40.6414,-74.2174,-0.96029925,-1.5850742,1733176800,0.39471486
137,40.6414,-74.21503,-0.7602992,-1.5850742,1733176800,0.3953935
138,40.6414,-74.212654,-0.56029916,-1.5850742,1733176800,0.39686638
139,40.6414,-74.21029,-0.3602991,-1.5850742,1733176800,0.39876646
140,40.6414,-74.20792,-0.16029906,-1.5850742,1733176800,0.40073946
141,40.6414,-74.20554,0.039700985,-1.5850742,1733176800,0.40253204
142,40.6414,-74.20317,0.23970103,-1.5850742,1733176800,0.404223
143,40.6414,-74.200806,0.43970108,-1.5850742,1733176800,0.40604386
144,40.6414,-74.19843,0.6397011,-1.5850742,1733176800,0.40837866
145,40.6414,-74.19606,0.8397012,-1.5850742,1733176800,0.41181323
146,40.6414,-74.19369,1.0397012,-1.5850742,1733176800,0.41722178
147,40.6414,-74.19132,1.2397013,-1.5850742,1733176800,0.42559826
148,40.6414,-74.18895,1.4397013,-1.5850742,1733176800,0.43807697
149,40.6414,-74.18658,1.6397014,-1.5850742,1733176800,0.45573157
150,40.6414,-74.184204,1.8397014,-1.5850742,1733176800,0.47979647
151,40.6414,-74.18184,2.0397015,-1.5850742,1733176800,0.5111442
152,40.6414,-74.17947,2.2397015,-1.5850742,1733176800,0.5497379
153,40.6414,-74.17709,2.4397016,-1.5850742,1733176800,0.59479386
154,40.6414,-74.17472,2.6397016,-1.5850742,1733176800,0.6445535
155,40.6414,-74.172356,2.8397017,-1.5850742,1733176800,0.69791627
156,40.6432,-74.23162,-2.1602995,-1.3850741,1733176800,0.42047095
157,40.6432,-74.229256,-1.9602995,-1.3850741,1733176800,0.40735158
158,40.6432,-74.22688,-1.7602994,-1.3850741,1733176800,0.39822063
159,40.6432,-74.22451,-1.5602994,-1.3850741,1733176800,0.39249766
160,40.6432,-74.22214,-1.3602993,-1.3850741,1733176800,0.38960266
161,40.6432,-74.21977,-1.1602993,-1.3850741,1733176800,0.38892445
162,40.6432,-74.2174,-0.96029925,-1.3850741,1733176800,0.38985598
163,40.6432,-74.21503,-0.7602992,-1.3850741,1733176800,0.39181542
164,40.6432,-74.212654,-0.56029916,-1.3850741,1733176800,0.3943045
165,40.6432,-74.21029,-0.3602991,-1.3850741,1733176800,0.39693025
166,40.6432,-74.20792,-0.16029906,-1.3850741,1733176800,0.39948887
167,40.6432,-74.20554,0.039700985,-1.3850741,1733176800,0.40155816
168,40.6432,-74.20317,0.23970103,-1.3850741,1733176800,0.40315476
169,40.6432,-74.200806,0.43970108,-1.3850741,1733176800,0.4044733
170,40.6432,-74.19843,0.6397011,-1.3850741,1733176800,0.40591234
171,40.6432,-74.19606,0.8397012,-1.3850741,1733176800,0.40809172
172,40.6432,-74.19369,1.0397012,-1.3850741,1733176800,0.4118392
173,40.6432,-74.19132,1.2397013,-1.3850741,1733176800,0.41820997
174,40.6432,-74.18895,1.4397013,-1.3850741,1733176800,0.42835698
175,40.6432,-74.18658,1.6397014,-1.3850741,1733176800,0.44344097
176,40.6432,-74.184204,1.8397014,-1.3850741,1733176800,0.46439916
177,40.6432,-74.18184,2.0397015,-1.3850741,1733176800,0.49267107
178,40.6432,-74.17947,2.2397015,-1.3850741,1733176800,0.52809846
179,40.6432,-74.17709,2.4397016,-1.3850741,1733176800,0.57089067
180,40.6432,-74.17472,2.6397016,-1.3850741,1733176800,0.6191909
181,40.6432,-74.172356,2.8397017,-1.3850741,1733176800,0.6714353
182,40.644997,-74.23162,-2.1602995,-1.1850741,1733176800,0.4078507
183,40.644997,-74.229256,-1.9602995,-1.1850741,1733176800,0.39659986
184,40.644997,-74.22688,-1.7602994,-1.1850741,1733176800,0.38928753
185,40.644997,-74.22451,-1.5602994,-1.1850741,1733176800,0.3853166
186,40.644997,-74.22214,-1.3602993,-1.1850741,1733176800,0.3840333
187,40.644997,-74.21977,-1.1602993,-1.1850741,1733176800,0.38481516
188,40.644997,-74.2174,-0.96029925,-1.1850741,1733176800,0.3870198
189,40.644997,-74.21503,-0.7602992,-1.1850741,1733176800,0.39005244
190,40.644997,-74.212654,-0.56029916,-1.1850741,1733176800,0.39349207
191,40.644997,-74.21029,-0.3602991,-1.1850741,1733176800,0.39684248
192,40.644997,-74.20792,-0.16029906,-1.1850741,1733176800,0.39971584
193,40.644997,-74.20554,0.039700985,-1.1850741,1733176800,0.4018771
194,40.644997,-74.20317,0.23970103,-1.1850741,1733176800,0.40327737
195,40.644997,-74.200806,0.43970108,-1.1850741,1733176800,0.40410298
196,40.644997,-74.19843,0.6397011,-1.1850741,1733176800,0.4047055
197,40.644997,-74.19606,0.8397012,-1.1850741,1733176800,0.405712
198,40.644997,-74.19369,1.0397012,-1.1850741,1733176800,0.40794367
199,40.644997,-74.19132,1.2397013,-1.1850741,1733176800,0.41244936
200,40.644997,-74.18895,1.4397013,-1.1850741,1733176800,0.42044243
201,40.644997,-74.18658,1.6397014,-1.1850741,1733176800,0.4331206
202,40.644997,-74.184204,1.8397014,-1.1850741,1733176800,0.45151955
203,40.644997,-74.18184,2.0397015,-1.1850741,1733176800,0.4764995
204,40.644997,-74.17947,2.2397015,-1.1850741,1733176800,0.50930387
205,40.644997,-74.17709,2.4397016,-1.1850741,1733176800,0.5493916
206,40.644997,-74.17472,2.6397016,-1.1850741,1733176800,0.59599
207,40.644997,-74.172356,2.8397017,-1.1850741,1733176800,0.6471774
208,40.646797,-74.23162,-2.1602995,-0.98507404,1733176800,0.39814317
209,40.646797,-74.229256,-1.9602995,-0.98507404,1733176800,0.38847584
210,40.646797,-74.22688,-1.7602994,-0.98507404,1733176800,0.38271543
211,40.646797,-74.22451,-1.5602994,-0.98507404,1733176800,0.38020107
212,40.646797,-74.22214,-1.3602993,-0.98507404,1733176800,0.3802616
213,40.646797,-74.21977,-1.1602993,-0.98507404,1733176800,0.38222474
214,40.646797,-74.2174,-0.96029925,-0.98507404,1733176800,0.38544708
215,40.646797,-74.21503,-0.7602992,-0.98507404,1733176800,0.38947064
216,40.646797,-74.212654,-0.56029916,-0.98507404,1733176800,0.3936321
217,40.646797,-74.21029,-0.3602991,-0.98507404,1733176800,0.39740103
218,40.646797,-74.20792,-0.16029906,-0.98507404,1733176800,0.4005012
219,40.646797,-74.20554,0.039700985,-0.98507404,1733176800,0.40263224
220,40.646797,-74.20317,0.23970103,-0.98507404,1733176800,0.40378916
221,40.646797,-74.200806,0.43970108,-0.98507404,1733176800,0.4041149
222,40.646797,-74.19843,0.6397011,-0.98507404,1733176800,0.4039663
223,40.646797,-74.19606,0.8397012,-0.98507404,1733176800,0.40390813
224,40.646797,-74.19369,1.0397012,-0.98507404,1733176800,0.40477395
225,40.646797,-74.19132,1.2397013,-0.98507404,1733176800,0.4076246
226,40.646797,-74.18895,1.4397013,-0.98507404,1733176800,0.4136717
227,40.646797,-74.18658,1.6397014,-0.98507404,1733176800,0.42417645
228,40.646797,-74.184204,1.8397014,-0.98507404,1733176800,0.4402283
229,40.646797,-74.18184,2.0397015,-0.98507404,1733176800,0.46263438
230,40.646797,-74.17947,2.2397015,-0.98507404,1733176800,0.49256647
231,40.646797,-74.17709,2.4397016,-0.98507404,1733176800,0.52999777
232,40.646797,-74.17472,2.6397016,-0.98507404,1733176800,0.57485294
233,40.646797,-74.172356,2.8397017,-0.98507404,1733176800,0.62503123
234,40.648594,-74.23162,-2.1602995,-0.785074,1733176800,0.3909293
235,40.648594,-74.229256,-1.9602995,-0.785074,1733176800,0.38251966
236,40.648594,-74.22688,-1.7602994,-0.785074,1733176800,0.37798163
237,40.648594,-74.22451,-1.5602994,-0.785074,1733176800,0.37660286
238,40.648594,-74.22214,-1.3602993,-0.785074,1733176800,0.37768418
239,40.648594,-74.21977,-1.1602993,-0.785074,1733176800,0.38053095
240,40.648594,-74.2174,-0.96029925,-0.785074,1733176800,0.3845578
241,40.648594,-74.21503,-0.7602992,-0.785074,1733176800,0.38930738
242,40.648594,-74.212654,-0.56029916,-0.785074,1733176800,0.39392373
243,40.648594,-74.21029,-0.3602991,-0.785074,1733176800,0.3979855
244,40.648594,-74.20792,-0.16029906,-0.785074,1733176800,0.40115094
245,40.648594,-74.20554,0.039700985,-0.785074,1733176800,0.40319353
246,40.648594,-74.20317,0.23970103,-0.785074,1733176800,0.40406448
247,40.648594,-74.200806,0.43970108,-0.785074,1733176800,0.40392703
248,40.648594,-74.19843,0.6397011,-0.785074,1733176800,0.40309343
249,40.648594,-74.19606,0.8397012,-0.785074,1733176800,0.40212023
250,40.648594,-74.19369,1.0397012,-0.785074,1733176800,0.4018227
251,40.648594,-74.19132,1.2397013,-0.785074,1733176800,0.4032256
252,40.648594,-74.18895,1.4397013,-0.785074,1733176800,0.40758526
253,40.648594,-74.18658,1.6397014,-0.785074,1733176800,0.41619626
254,40.648594,-74.184204,1.8397014,-0.785074,1733176800,0.43015414
255,40.648594,-74.18184,2.0397015,-0.785074,1733176800,0.45035607
256,40.648594,-74.17947,2.2397015,-0.785074,1733176800,0.4775492
257,40.648594,-74.17709,2.4397016,-0.785074,1733176800,0.5129364
258,40.648594,-74.17472,2.6397016,-0.785074,1733176800,0.55574733
259,40.648594,-74.172356,2.8397017,-0.785074,1733176800,0.60490626
260,40.650394,-74.23162,-2.1602995,-0.58507395,1733176800,0.3859254
261,40.650394,-74.229256,-1.9602995,-0.58507395,1733176800,0.37836275
262,40.650394,-74.22688,-1.7602994,-0.58507395,1733176800,0.374654
263,40.650394,-74.22451,-1.5602994,-0.58507395,1733176800,0.37406725
264,40.650394,-74.22214,-1.3602993,-0.58507395,1733176800,0.3758392
265,40.650394,-74.21977,-1.1602993,-0.58507395,1733176800,0.37927634
266,40.650394,-74.2174,-0.96029925,-0.58507395,1733176800,0.38394713
267,40.650394,-74.21503,-0.7602992,-0.58507395,1733176800,0.3890438
268,40.650394,-74.212654,-0.56029916,-0.58507395,1733176800,0.393898
269,40.650394,-74.21029,-0.3602991,-0.58507395,1733176800,0.39806446
270,40.650394,-74.20792,-0.16029906,-0.58507395,1733176800,0.40119773
271,40.650394,-74.20554,0.039700985,-0.58507395,1733176800,0.40308806
272,40.650394,-74.20317,0.23970103,-0.58507395,1733176800,0.40370065
273,40.650394,-74.200806,0.43970108,-0.58507395,1733176800,0.40314725
274,40.650394,-74.19843,0.6397011,-0.58507395,1733176800,0.40174824
275,40.650394,-74.19606,0.8397012,-0.58507395,1733176800,0.4000182
276,40.650394,-74.19369,1.0397012,-0.58507395,1733176800,0.3987525
277,40.650394,-74.19132,1.2397013,-0.58507395,1733176800,0.3989641
278,40.650394,-74.18895,1.4397013,-0.58507395,1733176800,0.4019008
279,40.650394,-74.18658,1.6397014,-0.58507395,1733176800,0.40887445
280,40.650394,-74.184204,1.8397014,-0.58507395,1733176800,0.4210009
281,40.650394,-74.18184,2.0397015,-0.58507395,1733176800,0.43937147
282,40.650394,-74.17947,2.2397015,-0.58507395,1733176800,0.46457857
283,40.650394,-74.17709,2.4397016,-0.58507395,1733176800,0.49773592
284,40.650394,-74.17472,2.6397016,-0.58507395,1733176800,0.5386495
285,40.650394,-74.172356,2.8397017,-0.58507395,1733176800,0.58674043
286,40.65219,-74.23162,-2.1602995,-0.3850739,1733176800,0.38295352
287,40.65219,-74.229256,-1.9602995,-0.3850739,1733176800,0.3758
288,40.65219,-74.22688,-1.7602994,-0.3850739,1733176800,0.3725061
289,40.65219,-74.22451,-1.5602994,-0.3850739,1733176800,0.3723515
290,40.65219,-74.22214,-1.3602993,-0.3850739,1733176800,0.37448347
291,40.65219,-74.21977,-1.1602993,-0.3850739,1733176800,0.3781656
292,40.65219,-74.2174,-0.96029925,-0.3850739,1733176800,0.38312903
293,40.65219,-74.21503,-0.7602992,-0.3850739,1733176800,0.3883491
294,40.65219,-74.212654,-0.56029916,-0.3850739,1733176800,0.39324677
295,40.65219,-74.21029,-0.3602991,-0.3850739,1733176800,0.39737138
296,40.65219,-74.20792,-0.16029906,-0.3850739,1733176800,0.40039364
297,40.65219,-74.20554,0.039700985,-0.3850739,1733176800,0.4021036
298,40.65219,-74.20317,0.23970103,-0.3850739,1733176800,0.40246278
299,40.65219,-74.200806,0.43970108,-0.3850739,1733176800,0.40157342
300,40.65219,-74.19843,0.6397011,-0.3850739,1733176800,0.3997286
301,40.65219,-74.19606,0.8397012,-0.3850739,1733176800,0.39743108
302,40.65219,-74.19369,1.0397012,-0.3850739,1733176800,0.3954047
303,40.65219,-74.19132,1.2397013,-0.3850739,1733176800,0.3946854
304,40.65219,-74.18895,1.4397013,-0.3850739,1733176800,0.39648646
305,40.65219,-74.18658,1.6397014,-0.3850739,1733176800,0.4021194
306,40.65219,-74.184204,1.8397014,-0.3850739,1733176800,0.41278195
307,40.65219,-74.18184,2.0397015,-0.3850739,1733176800,0.429587
308,40.65219,-74.17947,2.2397015,-0.3850739,1733176800,0.4532308
309,40.65219,-74.17709,2.4397016,-0.3850739,1733176800,0.484361
310,40.65219,-74.17472,2.6397016,-0.3850739,1733176800,0.52361333
311,40.65219,-74.172356,2.8397017,-0.3850739,1733176800,0.5707425
312,40.65399,-74.23162,-2.1602995,-0.18507385,1733176800,0.38203046
313,40.65399,-74.229256,-1.9602995,-0.18507385,1733176800,0.37477192
314,40.65399,-74.22688,-1.7602994,-0.18507385,1733176800,0.37142915
315,40.65399,-74.22451,-1.5602994,-0.18507385,1733176800,0.37129474
316,40.65399,-74.22214,-1.3602993,-0.18507385,1733176800,0.37339166
317,40.65399,-74.21977,-1.1602993,-0.18507385,1733176800,0.3771131
318,40.65399,-74.2174,-0.96029925,-0.18507385,1733176800,0.3819552
319,40.65399,-74.21503,-0.7602992,-0.18507385,1733176800,0.38706648
320,40.65399,-74.212654,-0.56029916,-0.18507385,1733176800,0.3918309
321,40.65399,-74.21029,-0.3602991,-0.18507385,1733176800,0.39580148
322,40.65399,-74.20792,-0.16029906,-0.18507385,1733176800,0.3986436
323,40.65399,-74.20554,0.039700985,-0.18507385,1733176800,0.40016502
324,40.65399,-74.20317,0.23970103,-0.18507385,1733176800,0.4002995
325,40.65399,-74.200806,0.43970108,-0.18507385,1733176800,0.39915395
326,40.65399,-74.19843,0.6397011,-0.18507385,1733176800,0.39701107
327,40.65399,-74.19606,0.8397012,-0.18507385,1733176800,0.39431268
328,40.65399,-74.19369,1.0397012,-0.18507385,1733176800,0.39177796
329,40.65399,-74.19132,1.2397013,-0.18507385,1733176800,0.39039725
330,40.65399,-74.18895,1.4397013,-0.18507385,1733176800,0.39137888
331,40.65399,-74.18658,1.6397014,-0.18507385,1733176800,0.39612985
332,40.65399,-74.184204,1.8397014,-0.18507385,1733176800,0.40557283
333,40.65399,-74.18184,2.0397015,-0.18507385,1733176800,0.4210797
334,40.65399,-74.17947,2.2397015,-0.18507385,1733176800,0.4434591
335,40.65399,-74.17709,2.4397016,-0.18507385,1733176800,0.47297937
336,40.65399,-74.17472,2.6397016,-0.18507385,1733176800,0.51110154
337,40.65399,-74.172356,2.8397017,-0.18507385,1733176800,0.55702835
338,40.65579,-74.23162,-2.1602995,0.014926195,1733176800,0.38329935
339,40.65579,-74.229256,-1.9602995,0.014926195,1733176800,0.37540492
340,40.65579,-74.22688,-1.7602994,0.014926195,1733176800,0.3715194
341,40.65579,-74.22451,-1.5602994,0.014926195,1733176800,0.37090248
342,40.65579,-74.22214,-1.3602993,0.014926195,1733176800,0.37257683
343,40.65579,-74.21977,-1.1602993,0.014926195,1733176800,0.37597305
344,40.65579,-74.2174,-0.96029925,0.014926195,1733176800,0.38041785
345,40.65579,-74.21503,-0.7602992,0.014926195,1733176800,0.3851909
346,40.65579,-74.212654,-0.56029916,0.014926195,1733176800,0.3896569
347,40.65579,-74.21029,-0.3602991,0.014926195,1733176800,0.3933767
348,40.65579,-74.20792,-0.16029906,0.014926195,1733176800,0.39598274
349,40.65579,-74.20554,0.039700985,0.014926195,1733176800,0.39729536
350,40.65579,-74.20317,0.23970103,0.014926195,1733176800,0.3972586
351,40.65579,-74.200806,0.43970108,0.014926195,1733176800,0.3959574
352,40.65579,-74.19843,0.6397011,0.014926195,1733176800,0.39364985
353,40.65579,-74.19606,0.8397012,0.014926195,1733176800,0.39075428
354,40.65579,-74.19369,1.0397012,0.014926195,1733176800,0.38795212
355,40.65579,-74.19132,1.2397013,0.014926195,1733176800,0.38619077
356,40.65579,-74.18895,1.4397013,0.014926195,1733176800,0.3867646
357,40.65579,-74.18658,1.6397014,0.014926195,1733176800,0.39090127
358,40.65579,-74.184204,1.8397014,0.014926195,1733176800,0.39961645
359,40.65579,-74.18184,2.0397015,0.014926195,1733176800,0.41404063
360,40.65579,-74.17947,2.2397015,0.014926195,1733176800,0.43539053
361,40.65579,-74.17709,2.4397016,0.014926195,1733176800,0.4639184
362,40.65579,-74.17472,2.6397016,0.014926195,1733176800,0.5007627
363,40.65579,-74.172356,2.8397017,0.014926195,1733176800,0.5457515
364,40.65759,-74.23162,-2.1602995,0.21492624,1733176800,0.38706654
365,40.65759,-74.229256,-1.9602995,0.21492624,1733176800,0.3779859
366,40.65759,-74.22688,-1.7602994,0.21492624,1733176800,0.37300444
367,40.65759,-74.22451,-1.5602994,0.21492624,1733176800,0.3714189
368,40.65759,-74.22214,-1.3602993,0.21492624,1733176800,0.37225735
369,40.65759,-74.21977,-1.1602993,0.21492624,1733176800,0.3749465
370,40.65759,-74.2174,-0.96029925,0.21492624,1733176800,0.3787305
371,40.65759,-74.21503,-0.7602992,0.21492624,1733176800,0.38287258
372,40.65759,-74.212654,-0.56029916,0.21492624,1733176800,0.38687563
373,40.65759,-74.21029,-0.3602991,0.21492624,1733176800,0.3902166
374,40.65759,-74.20792,-0.16029906,0.21492624,1733176800,0.39255637
375,40.65759,-74.20554,0.039700985,0.21492624,1733176800,0.39366925
376,40.65759,-74.20317,0.23970103,0.21492624,1733176800,0.39350134
377,40.65759,-74.200806,0.43970108,0.21492624,1733176800,0.39213932
378,40.65759,-74.19843,0.6397011,0.21492624,1733176800,0.3898241
379,40.65759,-74.19606,0.8397012,0.21492624,1733176800,0.38693324
380,40.65759,-74.19369,1.0397012,0.21492624,1733176800,0.38409877
381,40.65759,-74.19132,1.2397013,0.21492624,1733176800,0.38224244
382,40.65759,-74.18895,1.4397013,0.21492624,1733176800,0.38271374
383,40.65759,-74.18658,1.6397014,0.21492624,1733176800,0.38655263
384,40.65759,-74.184204,1.8397014,0.21492624,1733176800,0.39484876
385,40.65759,-74.18184,2.0397015,0.21492624,1733176800,0.4086262
386,40.65759,-74.17947,2.2397015,0.21492624,1733176800,0.42917532
387,40.65759,-74.17709,2.4397016,0.21492624,1733176800,0.45696253
388,40.65759,-74.17472,2.6397016,0.21492624,1733176800,0.49283975
389,40.65759,-74.172356,2.8397017,0.21492624,1733176800,0.53711385
390,40.659386,-74.23162,-2.1602995,0.4149263,1733176800,0.39372003
391,40.659386,-74.229256,-1.9602995,0.4149263,1733176800,0.382937
392,40.659386,-74.22688,-1.7602994,0.4149263,1733176800,0.37635928
393,40.659386,-74.22451,-1.5602994,0.4149263,1733176800,0.3732596
394,40.659386,-74.22214,-1.3602993,0.4149263,1733176800,0.37282342
395,40.659386,-74.21977,-1.1602993,0.4149263,1733176800,0.3744257
396,40.659386,-74.2174,-0.96029925,0.4149263,1733176800,0.37718657
397,40.659386,-74.21503,-0.7602992,0.4149263,1733176800,0.38045725
398,40.659386,-74.212654,-0.56029916,0.4149263,1733176800,0.38374633
399,40.659386,-74.21029,-0.3602991,0.4149263,1733176800,0.38659418
400,40.659386,-74.20792,-0.16029906,0.4149263,1733176800,0.38858333
401,40.659386,-74.20554,0.039700985,0.4149263,1733176800,0.38951504
402,40.659386,-74.20317,0.23970103,0.4149263,1733176800,0.38928312
403,40.659386,-74.200806,0.43970108,0.4149263,1733176800,0.38795772
404,40.659386,-74.19843,0.6397011,0.4149263,1733176800,0.3857767
405,40.659386,-74.19606,0.8397012,0.4149263,1733176800,0.3830677
406,40.659386,-74.19369,1.0397012,0.4149263,1733176800,0.3804318
407,40.659386,-74.19132,1.2397013,0.4149263,1733176800,0.3787545
408,40.659386,-74.18895,1.4397013,0.4149263,1733176800,0.37943324
409,40.659386,-74.18658,1.6397014,0.4149263,1733176800,0.38327312
410,40.659386,-74.184204,1.8397014,0.4149263,1733176800,0.3914199
411,40.659386,-74.18184,2.0397015,0.4149263,1733176800,0.40493244
412,40.659386,-74.17947,2.2397015,0.4149263,1733176800,0.42494744
413,40.659386,-74.17709,2.4397016,0.4149263,1733176800,0.45226225
414,40.659386,-74.17472,2.6397016,0.4149263,1733176800,0.4874943
415,40.659386,-74.172356,2.8397017,0.4149263,1733176800,0.5312937
416,40.661186,-74.23162,-2.1602995,0.61492634,1733176800,0.40402234
417,40.661186,-74.229256,-1.9602995,0.61492634,1733176800,0.3908121
418,40.661186,-74.22688,-1.7602994,0.61492634,1733176800,0.38207492
419,40.661186,-74.22451,-1.5602994,0.61492634,1733176800,0.3770053
420,40.661186,-74.22214,-1.3602993,0.61492634,1733176800,0.37490225
421,40.661186,-74.21977,-1.1602993,0.61492634,1733176800,0.37495923
422,40.661186,-74.2174,-0.96029925,0.61492634,1733176800,0.37632883
423,40.661186,-74.21503,-0.7602992,0.61492634,1733176800,0.3784271
424,40.661186,-74.212654,-0.56029916,0.61492634,1733176800,0.38074142
425,40.661186,-74.21029,-0.3602991,0.61492634,1733176800,0.38288316
426,40.661186,-74.20792,-0.16029906,0.61492634,1733176800,0.3844392
427,40.661186,-74.20554,0.039700985,0.61492634,1733176800,0.38515183
428,40.661186,-74.20317,0.23970103,0.61492634,1733176800,0.38490805
429,40.661186,-74.200806,0.43970108,0.61492634,1733176800,0.38372377
430,40.661186,-74.19843,0.6397011,0.61492634,1733176800,0.3818005
431,40.661186,-74.19606,0.8397012,0.61492634,1733176800,0.37943912
432,40.661186,-74.19369,1.0397012,0.61492634,1733176800,0.37723088
433,40.661186,-74.19132,1.2397013,0.61492634,1733176800,0.37609017
434,40.661186,-74.18895,1.4397013,0.61492634,1733176800,0.37713104
435,40.661186,-74.18658,1.6397014,0.61492634,1733176800,0.38123497
436,40.661186,-74.184204,1.8397014,0.61492634,1733176800,0.38953257
437,40.661186,-74.18184,2.0397015,0.61492634,1733176800,0.40306702
438,40.661186,-74.17947,2.2397015,0.61492634,1733176800,0.42288384
439,40.661186,-74.17709,2.4397016,0.61492634,1733176800,0.44999093
440,40.661186,-74.17472,2.6397016,0.61492634,1733176800,0.48492157
441,40.661186,-74.172356,2.8397017,0.61492634,1733176800,0.528498
442,40.662983,-74.23162,-2.1602995,0.8149264,1733176800,0.41803175
443,40.662983,-74.229256,-1.9602995,0.8149264,1733176800,0.40230992
444,40.662983,-74.22688,-1.7602994,0.8149264,1733176800,0.3910551
445,40.662983,-74.22451,-1.5602994,0.8149264,1733176800,0.38358566
446,40.662983,-74.22214,-1.3602993,0.8149264,1733176800,0.3792025
447,40.662983,-74.21977,-1.1602993,0.8149264,1733176800,0.37719798
448,40.662983,-74.2174,-0.96029925,0.8149264,1733176800,0.37680322
449,40.662983,-74.21503,-0.7602992,0.8149264,1733176800,0.37738657
450,40.662983,-74.212654,-0.56029916,0.8149264,1733176800,0.37849832
451,40.662983,-74.21029,-0.3602991,0.8149264,1733176800,0.37968183
452,40.662983,-74.20792,-0.16029906,0.8149264,1733176800,0.38062412
453,40.662983,-74.20554,0.039700985,0.8149264,1733176800,0.38103274
454,40.662983,-74.20317,0.23970103,0.8149264,1733176800,0.38075894
455,40.662983,-74.200806,0.43970108,0.8149264,1733176800,0.37978595
456,40.662983,-74.19843,0.6397011,0.8149264,1733176800,0.37822533
457,40.662983,-74.19606,0.8397012,0.8149264,1733176800,0.37638783
458,40.662983,-74.19369,1.0397012,0.8149264,1733176800,0.37479156
459,40.662983,-74.19132,1.2397013,0.8149264,1733176800,0.37441775
460,40.662983,-74.18895,1.4397013,0.8149264,1733176800,0.37605655
461,40.662983,-74.18658,1.6397014,0.8149264,1733176800,0.3806879
462,40.662983,-74.184204,1.8397014,0.8149264,1733176800,0.38940254
463,40.662983,-74.18184,2.0397015,0.8149264,1733176800,0.40320206
464,40.662983,-74.17947,2.2397015,0.8149264,1733176800,0.4231599
465,40.662983,-74.17709,2.4397016,0.8149264,1733176800,0.4503009
466,40.662983,-74.17472,2.6397016,0.8149264,1733176800,0.48526448
467,40.662983,-74.172356,2.8397017,0.8149264,1733176800,0.52887744
468,40.664783,-74.23162,-2.1602995,1.0149264,1733176800,0.43579397
469,40.664783,-74.229256,-1.9602995,1.0149264,1733176800,0.41744822
470,40.664783,-74.22688,-1.7602994,1.0149264,1733176800,0.4034949
471,40.664783,-74.22451,-1.5602994,1.0149264,1733176800,0.39334667
472,40.664783,-74.22214,-1.3602993,1.0149264,1733176800,0.38637447
473,40.664783,-74.21977,-1.1602993,1.0149264,1733176800,0.3819351
474,40.664783,-74.2174,-0.96029925,1.0149264,1733176800,0.37937486
475,40.664783,-74.21503,-0.7602992,1.0149264,1733176800,0.3781317
476,40.664783,-74.212654,-0.56029916,1.0149264,1733176800,0.3777462
477,40.664783,-74.21029,-0.3602991,1.0149264,1733176800,0.37776333
478,40.664783,-74.20792,-0.16029906,1.0149264,1733176800,0.3778625
479,40.664783,-74.20554,0.039700985,1.0149264,1733176800,0.37780875
480,40.664783,-74.20317,0.23970103,1.0149264,1733176800,0.37741524
481,40.664783,-74.200806,0.43970108,1.0149264,1733176800,0.3766228
482,40.664783,-74.19843,0.6397011,1.0149264,1733176800,0.37550205
483,40.664783,-74.19606,0.8397012,1.0149264,1733176800,0.37429768
484,40.664783,-74.19369,1.0397012,1.0149264,1733176800,0.37352806
485,40.664783,-74.19132,1.2397013,1.0149264,1733176800,0.3740401
486,40.664783,-74.18895,1.4397013,1.0149264,1733176800,0.37648952
487,40.664783,-74.18658,1.6397014,1.0149264,1733176800,0.38186437
488,40.664783,-74.184204,1.8397014,1.0149264,1733176800,0.39121872
489,40.664783,-74.18184,2.0397015,1.0149264,1733176800,0.40552425
490,40.664783,-74.17947,2.2397015,1.0149264,1733176800,0.4259367
491,40.664783,-74.17709,2.4397016,1.0149264,1733176800,0.45334366
492,40.664783,-74.17472,2.6397016,1.0149264,1733176800,0.4886719
493,40.664783,-74.172356,2.8397017,1.0149264,1733176800,0.5325721
494,40.66658,-74.23162,-2.1602995,1.2149265,1733176800,0.4573332
495,40.66658,-74.229256,-1.9602995,1.2149265,1733176800,0.4364183
496,40.66658,-74.22688,-1.7602994,1.2149265,1733176800,0.41972503
497,40.66658,-74.22451,-1.5602994,1.2149265,1733176800,0.4067974
498,40.66658,-74.22214,-1.3602993,1.2149265,1733176800,0.39707997
499,40.66658,-74.21977,-1.1602993,1.2149265,1733176800,0.3900206
500,40.66658,-74.2174,-0.96029925,1.2149265,1733176800,0.38507318
501,40.66658,-74.21503,-0.7602992,1.2149265,1733176800,0.38171774
502,40.66658,-74.212654,-0.56029916,1.2149265,1733176800,0.3794865
503,40.66658,-74.21029,-0.3602991,1.2149265,1733176800,0.37802762
504,40.66658,-74.20792,-0.16029906,1.2149265,1733176800,0.37705436
505,40.66658,-74.20554,0.039700985,1.2149265,1733176800,0.37631184
506,40.66658,-74.20317,0.23970103,1.2149265,1733176800,0.37564346
507,40.66658,-74.200806,0.43970108,1.2149265,1733176800,0.3749395
508,40.66658,-74.19843,0.6397011,1.2149265,1733176800,0.37423712
509,40.66658,-74.19606,0.8397012,1.2149265,1733176800,0.3737196
510,40.66658,-74.19369,1.0397012,1.2149265,1733176800,0.37390617
511,40.66658,-74.19132,1.2397013,1.2149265,1733176800,0.3753539
512,40.66658,-74.18895,1.4397013,1.2149265,1733176800,0.37875226
513,40.66658,-74.18658,1.6397014,1.2149265,1733176800,0.38504824
514,40.66658,-74.184204,1.8397014,1.2149265,1733176800,0.39522016
515,40.66658,-74.18184,2.0397015,1.2149265,1733176800,0.41022876
516,40.66658,-74.17947,2.2397015,1.2149265,1733176800,0.43136165
517,40.66658,-74.17709,2.4397016,1.2149265,1733176800,0.45924422
518,40.66658,-74.17472,2.6397016,1.2149265,1733176800,0.49524856
519,40.66658,-74.172356,2.8397017,1.2149265,1733176800,0.5396883
520,40.66838,-74.23162,-2.1602995,1.4149265,1733176800,0.483059
521,40.66838,-74.229256,-1.9602995,1.4149265,1733176800,0.45928967
522,40.66838,-74.22688,-1.7602994,1.4149265,1733176800,0.43999916
523,40.66838,-74.22451,-1.5602994,1.4149265,1733176800,0.42434475
524,40.66838,-74.22214,-1.3602993,1.4149265,1733176800,0.41188574
525,40.66838,-74.21977,-1.1602993,1.4149265,1733176800,0.40215936
526,40.66838,-74.2174,-0.96029925,1.4149265,1733176800,0.3946827
527,40.66838,-74.21503,-0.7602992,1.4149265,1733176800,0.3889957
528,40.66838,-74.212654,-0.56029916,1.4149265,1733176800,0.38472432
529,40.66838,-74.21029,-0.3602991,1.4149265,1733176800,0.3815531
530,40.66838,-74.20792,-0.16029906,1.4149265,1733176800,0.37924048
531,40.66838,-74.20554,0.039700985,1.4149265,1733176800,0.3775683
532,40.66838,-74.20317,0.23970103,1.4149265,1733176800,0.37639832
533,40.66838,-74.200806,0.43970108,1.4149265,1733176800,0.37561646
534,40.66838,-74.19843,0.6397011,1.4149265,1733176800,0.37521708
535,40.66838,-74.19606,0.8397012,1.4149265,1733176800,0.37533015
536,40.66838,-74.19369,1.0397012,1.4149265,1733176800,0.37641543
537,40.66838,-74.19132,1.2397013,1.4149265,1733176800,0.37882894
538,40.66838,-74.18895,1.4397013,1.4149265,1733176800,0.38327014
539,40.66838,-74.18658,1.6397014,1.4149265,1733176800,0.39057514
540,40.66838,-74.184204,1.8397014,1.4149265,1733176800,0.40169358
541,40.66838,-74.18184,2.0397015,1.4149265,1733176800,0.4176451
542,40.66838,-74.17947,2.2397015,1.4149265,1733176800,0.439648
543,40.66838,-74.17709,2.4397016,1.4149265,1733176800,0.46822512
544,40.66838,-74.17472,2.6397016,1.4149265,1733176800,0.50511265
545,40.66838,-74.172356,2.8397017,1.4149265,1733176800,0.55030257
546,40.670177,-74.23162,-2.1602995,1.6149266,1733176800,0.5130218
547,40.670177,-74.229256,-1.9602995,1.6149266,1733176800,0.48657602
548,40.670177,-74.22688,-1.7602994,1.6149266,1733176800,0.46442324
549,40.670177,-74.22451,-1.5602994,1.6149266,1733176800,0.44622982
550,40.670177,-74.22214,-1.3602993,1.6149266,1733176800,0.43114734
551,40.670177,-74.21977,-1.1602993,1.6149266,1733176800,0.41879147
552,40.670177,-74.2174,-0.96029925,1.6149266,1733176800,0.40877265
553,40.670177,-74.21503,-0.7602992,1.6149266,1733176800,0.40070924
554,40.670177,-74.212654,-0.56029916,1.6149266,1733176800,0.39429665
555,40.670177,-74.21029,-0.3602991,1.6149266,1733176800,0.38928127
556,40.670177,-74.20792,-0.16029906,1.6149266,1733176800,0.3854608
557,40.670177,-74.20554,0.039700985,1.6149266,1733176800,0.38266343
558,40.670177,-74.20317,0.23970103,1.6149266,1733176800,0.3807608
559,40.670177,-74.200806,0.43970108,1.6149266,1733176800,0.37967595
560,40.670177,-74.19843,0.6397011,1.6149266,1733176800,0.37939233
561,40.670177,-74.19606,0.8397012,1.6149266,1733176800,0.37997597
562,40.670177,-74.19369,1.0397012,1.6149266,1733176800,0.3817634
563,40.670177,-74.19132,1.2397013,1.6149266,1733176800,0.38509315
564,40.670177,-74.18895,1.4397013,1.6149266,1733176800,0.39055133
565,40.670177,-74.18658,1.6397014,1.6149266,1733176800,0.39888173
566,40.670177,-74.184204,1.8397014,1.6149266,1733176800,0.41102946
567,40.670177,-74.18184,2.0397015,1.6149266,1733176800,0.42817467
568,40.670177,-74.17947,2.2397015,1.6149266,1733176800,0.45101643
569,40.670177,-74.17709,2.4397016,1.6149266,1733176800,0.48088515
570,40.670177,-74.17472,2.6397016,1.6149266,1733176800,0.5187281
571,40.670177,-74.172356,2.8397017,1.6149266,1733176800,0.5645221
572,40.671978,-74.23162,-2.1602995,1.8149266,1733176800,0.54693335
573,40.671978,-74.229256,-1.9602995,1.8149266,1733176800,0.5183375
574,40.671978,-74.22688,-1.7602994,1.8149266,1733176800,0.49368614
575,40.671978,-74.22451,-1.5602994,1.8149266,1733176800,0.47254413
576,40.671978,-74.22214,-1.3602993,1.8149266,1733176800,0.45505106
577,40.671978,-74.21977,-1.1602993,1.8149266,1733176800,0.44024146
578,40.671978,-74.2174,-0.96029925,1.8149266,1733176800,0.4277913
579,40.671978,-74.21503,-0.7602992,1.8149266,1733176800,0.4174327
580,40.671978,-74.212654,-0.56029916,1.8149266,1733176800,0.4089228
581,40.671978,-74.21029,-0.3602991,1.8149266,1733176800,0.40205625
582,40.671978,-74.20792,-0.16029906,1.8149266,1733176800,0.39665842
583,40.671978,-74.20554,0.039700985,1.8149266,1733176800,0.39260846
584,40.671978,-74.20317,0.23970103,1.8149266,1733176800,0.38981172
585,40.671978,-74.200806,0.43970108,1.8149266,1733176800,0.38821542
586,40.671978,-74.19843,0.6397011,1.8149266,1733176800,0.3878101
587,40.671978,-74.19606,0.8397012,1.8149266,1733176800,0.38864303
588,40.671978,-74.19369,1.0397012,1.8149266,1733176800,0.39090973
589,40.671978,-74.19132,1.2397013,1.8149266,1733176800,0.39495102
590,40.671978,-74.18895,1.4397013,1.8149266,1733176800,0.4013105
591,40.671978,-74.18658,1.6397014,1.8149266,1733176800,0.41071412
592,40.671978,-74.184204,1.8397014,1.8149266,1733176800,0.4240066
593,40.671978,-74.18184,2.0397015,1.8149266,1733176800,0.44208038
594,40.671978,-74.17947,2.2397015,1.8149266,1733176800,0.46586883
595,40.671978,-74.17709,2.4397016,1.8149266,1733176800,0.49710137
596,40.671978,-74.17472,2.6397016,1.8149266,1733176800,0.5361819
597,40.671978,-74.172356,2.8397017,1.8149266,1733176800,0.5824425
598,40.673775,-74.23162,-2.1602995,2.0149267,1733176800,0.5847792
599,40.673775,-74.229256,-1.9602995,2.0149267,1733176800,0.5544823
600,40.673775,-74.22688,-1.7602994,2.0149267,1733176800,0.5274758
601,40.673775,-74.22451,-1.5602994,2.0149267,1733176800,0.504262
602,40.673775,-74.22214,-1.3602993,2.0149267,1733176800,0.4838435
603,40.673775,-74.21977,-1.1602993,2.0149267,1733176800,0.46664435
604,40.673775,-74.2174,-0.96029925,2.0149267,1733176800,0.4519931
605,40.673775,-74.21503,-0.7602992,2.0149267,1733176800,0.4395362
606,40.673775,-74.212654,-0.56029916,2.0149267,1733176800,0.42910066
607,40.673775,-74.21029,-0.3602991,2.0149267,1733176800,0.42049998
608,40.673775,-74.20792,-0.16029906,2.0149267,1733176800,0.4135843
609,40.673775,-74.20554,0.039700985,2.0149267,1733176800,0.4082623
610,40.673775,-74.20317,0.23970103,2.0149267,1733176800,0.4044897
611,40.673775,-74.200806,0.43970108,2.0149267,1733176800,0.40224123
612,40.673775,-74.19843,0.6397011,2.0149267,1733176800,0.40151164
613,40.673775,-74.19606,0.8397012,2.0149267,1733176800,0.4023602
614,40.673775,-74.19369,1.0397012,2.0149267,1733176800,0.4049443
615,40.673775,-74.19132,1.2397013,2.0149267,1733176800,0.40955377
616,40.673775,-74.18895,1.4397013,2.0149267,1733176800,0.4166474
617,40.673775,-74.18658,1.6397014,2.0149267,1733176800,0.42686683
618,40.673775,-74.184204,1.8397014,2.0149267,1733176800,0.44100046
619,40.673775,-74.18184,2.0397015,2.0149267,1733176800,0.459883
620,40.673775,-74.17947,2.2397015,2.0149267,1733176800,0.48526555
621,40.673775,-74.17709,2.4397016,2.0149267,1733176800,0.51760656
622,40.673775,-74.17472,2.6397016,2.0149267,1733176800,0.55750066
623,40.673775,-74.172356,2.8397017,2.0149267,1733176800,0.60417837
624,40.675575,-74.23162,-2.1602995,2.2149267,1733176800,0.6257597
625,40.675575,-74.229256,-1.9602995,2.2149267,1733176800,0.5945711
626,40.675575,-74.22688,-1.7602994,2.2149267,1733176800,0.566223
627,40.675575,-74.22451,-1.5602994,2.2149267,1733176800,0.5406817
628,40.675575,-74.22214,-1.3602993,2.2149267,1733176800,0.5183187
629,40.675575,-74.21977,-1.1602993,2.2149267,1733176800,0.49878472
630,40.675575,-74.2174,-0.96029925,2.2149267,1733176800,0.48157626
631,40.675575,-74.21503,-0.7602992,2.2149267,1733176800,0.46723336
632,40.675575,-74.212654,-0.56029916,2.2149267,1733176800,0.4551382
633,40.675575,-74.21029,-0.3602991,2.2149267,1733176800,0.4450124
634,40.675575,-74.20792,-0.16029906,2.2149267,1733176800,0.43672848
635,40.675575,-74.20554,0.039700985,2.2149267,1733176800,0.43024287
636,40.675575,-74.20317,0.23970103,2.2149267,1733176800,0.42552775
637,40.675575,-74.200806,0.43970108,2.2149267,1733176800,0.42258275
638,40.675575,-74.19843,0.6397011,2.2149267,1733176800,0.42141703
639,40.675575,-74.19606,0.8397012,2.2149267,1733176800,0.4220937
640,40.675575,-74.19369,1.0397012,2.2149267,1733176800,0.42476693
641,40.675575,-74.19132,1.2397013,2.2149267,1733176800,0.4296717
642,40.675575,-74.18895,1.4397013,2.2149267,1733176800,0.4372213
643,40.675575,-74.18658,1.6397014,2.2149267,1733176800,0.4480072
644,40.675575,-74.184204,1.8397014,2.2149267,1733176800,0.46280837
645,40.675575,-74.18184,2.0397015,2.2149267,1733176800,0.48310775
646,40.675575,-74.17947,2.2397015,2.2149267,1733176800,0.5093449
647,40.675575,-74.17709,2.4397016,2.2149267,1733176800,0.5428154
648,40.675575,-74.17472,2.6397016,2.2149267,1733176800,0.58301574
649,40.675575,-74.172356,2.8397017,2.2149267,1733176800,0.62995166
650,40.677372,-74.23162,-2.1602995,2.4149268,1733176800,0.6694352
651,40.677372,-74.229256,-1.9602995,2.4149268,1733176800,0.6379477
652,40.677372,-74.22688,-1.7602994,2.4149268,1733176800,0.6087841
653,40.677372,-74.22451,-1.5602994,2.4149268,1733176800,0.58215314
654,40.677372,-74.22214,-1.3602993,2.4149268,1733176800,0.55804104
655,40.677372,-74.21977,-1.1602993,2.4149268,1733176800,0.5364153
656,40.677372,-74.2174,-0.96029925,2.4149268,1733176800,0.517684
657,40.677372,-74.21503,-0.7602992,2.4149268,1733176800,0.50145763
658,40.677372,-74.212654,-0.56029916,2.4149268,1733176800,0.48745698
659,40.677372,-74.21029,-0.3602991,2.4149268,1733176800,0.47566056
660,40.677372,-74.20792,-0.16029906,2.4149268,1733176800,0.46626037
661,40.677372,-74.20554,0.039700985,2.4149268,1733176800,0.45881742
662,40.677372,-74.20317,0.23970103,2.4149268,1733176800,0.45332152
663,40.677372,-74.200806,0.43970108,2.4149268,1733176800,0.44977033
664,40.677372,-74.19843,0.6397011,2.4149268,1733176800,0.44818562
665,40.677372,-74.19606,0.8397012,2.4149268,1733176800,0.44861668
666,40.677372,-74.19369,1.0397012,2.4149268,1733176800,0.45121053
667,40.677372,-74.19132,1.2397013,2.4149268,1733176800,0.45619565
668,40.677372,-74.18895,1.4397013,2.4149268,1733176800,0.46403736
669,40.677372,-74.18658,1.6397014,2.4149268,1733176800,0.47558558
670,40.677372,-74.184204,1.8397014,2.4149268,1733176800,0.4912693
671,40.677372,-74.18184,2.0397015,2.4149268,1733176800,0.5121461
672,40.677372,-74.17947,2.2397015,2.4149268,1733176800,0.5393207
673,40.677372,-74.17709,2.4397016,2.4149268,1733176800,0.57283723
674,40.677372,-74.17472,2.6397016,2.4149268,1733176800,0.6131183
675,40.677372,-74.172356,2.8397017,2.4149268,1733176800,0.6597953
676,40.679173,-74.23162,-2.1602995,2.6149268,1733176800,0.7156426
677,40.679173,-74.229256,-1.9602995,2.6149268,1733176800,0.68401104
678,40.679173,-74.22688,-1.7602994,2.6149268,1733176800,0.6546795
679,40.679173,-74.22451,-1.5602994,2.6149268,1733176800,0.6274566
680,40.679173,-74.22214,-1.3602993,2.6149268,1733176800,0.6024856
681,40.679173,-74.21977,-1.1602993,2.6149268,1733176800,0.5798796
682,40.679173,-74.2174,-0.96029925,2.6149268,1733176800,0.55962527
683,40.679173,-74.21503,-0.7602992,2.6149268,1733176800,0.54179025
684,40.679173,-74.212654,-0.56029916,2.6149268,1733176800,0.5264528
685,40.679173,-74.21029,-0.3602991,2.6149268,1733176800,0.5137333
686,40.679173,-74.20792,-0.16029906,2.6149268,1733176800,0.50319976
687,40.679173,-74.20554,0.039700985,2.6149268,1733176800,0.49481148
688,40.679173,-74.20317,0.23970103,2.6149268,1733176800,0.48861396
689,40.679173,-74.200806,0.43970108,2.6149268,1733176800,0.48457563
690,40.679173,-74.19843,0.6397011,2.6149268,1733176800,0.4827106
691,40.679173,-74.19606,0.8397012,2.6149268,1733176800,0.48304743
692,40.679173,-74.19369,1.0397012,2.6149268,1733176800,0.48572224
693,40.679173,-74.19132,1.2397013,2.6149268,1733176800,0.49094206
694,40.679173,-74.18895,1.4397013,2.6149268,1733176800,0.49906927
695,40.679173,-74.18658,1.6397014,2.6149268,1733176800,0.5107619
696,40.679173,-74.184204,1.8397014,2.6149268,1733176800,0.5269939
697,40.679173,-74.18184,2.0397015,2.6149268,1733176800,0.54819643
698,40.679173,-74.17947,2.2397015,2.6149268,1733176800,0.5750749
699,40.679173,-74.17709,2.4397016,2.6149268,1733176800,0.60831594
700,40.679173,-74.17472,2.6397016,2.6149268,1733176800,0.6481398
701,40.679173,-74.172356,2.8397017,2.6149268,1733176800,0.69407827
702,40.68097,-74.23162,-2.1602995,2.8149269,1733176800,0.76519984
703,40.68097,-74.229256,-1.9602995,2.8149269,1733176800,0.73283905
704,40.68097,-74.22688,-1.7602994,2.8149269,1733176800,0.7033767
705,40.68097,-74.22451,-1.5602994,2.8149269,1733176800,0.6760382
706,40.68097,-74.22214,-1.3602993,2.8149269,1733176800,0.6508396
707,40.68097,-74.21977,-1.1602993,2.8149269,1733176800,0.62764716
708,40.68097,-74.2174,-0.96029925,2.8149269,1733176800,0.6067278
709,40.68097,-74.21503,-0.7602992,2.8149269,1733176800,0.58816224
710,40.68097,-74.212654,-0.56029916,2.8149269,1733176800,0.57200366
711,40.68097,-74.21029,-0.3602991,2.8149269,1733176800,0.55825526
712,40.68097,-74.20792,-0.16029906,2.8149269,1733176800,0.54690987
713,40.68097,-74.20554,0.039700985,2.8149269,1733176800,0.537998
714,40.68097,-74.20317,0.23970103,2.8149269,1733176800,0.5314718
715,40.68097,-74.200806,0.43970108,2.8149269,1733176800,0.5272997
716,40.68097,-74.19843,0.6397011,2.8149269,1733176800,0.525465
717,40.68097,-74.19606,0.8397012,2.8149269,1733176800,0.52593094
718,40.68097,-74.19369,1.0397012,2.8149269,1733176800,0.52882534
719,40.68097,-74.19132,1.2397013,2.8149269,1733176800,0.5343143
720,40.68097,-74.18895,1.4397013,2.8149269,1733176800,0.54271156
721,40.68097,-74.18658,1.6397014,2.8149269,1733176800,0.5545105
722,40.68097,-74.184204,1.8397014,2.8149269,1733176800,0.57037157
723,40.68097,-74.18184,2.0397015,2.8149269,1733176800,0.5910378
724,40.68097,-74.17947,2.2397015,2.8149269,1733176800,0.61727506
725,40.68097,-74.17709,2.4397016,2.8149269,1733176800,0.64966524
726,40.68097,-74.17472,2.6397016,2.8149269,1733176800,0.6882467
727,40.68097,-74.172356,2.8397017,2.8149269,1733176800,0.7330965
728,40.68277,-74.23162,-2.1602995,3.014927,1733176800,0.8197142
729,40.68277,-74.229256,-1.9602995,3.014927,1733176800,0.7862115
730,40.68277,-74.22688,-1.7602994,3.014927,1733176800,0.7554347
731,40.68277,-74.22451,-1.5602994,3.014927,1733176800,0.7276674
732,40.68277,-74.22214,-1.3602993,3.014927,1733176800,0.70233595
733,40.68277,-74.21977,-1.1602993,3.014927,1733176800,0.6791022
734,40.68277,-74.2174,-0.96029925,3.014927,1733176800,0.65804833
735,40.68277,-74.21503,-0.7602992,3.014927,1733176800,0.63914615
736,40.68277,-74.212654,-0.56029916,3.014927,1733176800,0.6226004
737,40.68277,-74.21029,-0.3602991,3.014927,1733176800,0.6085159
738,40.68277,-74.20792,-0.16029906,3.014927,1733176800,0.59696263
739,40.68277,-74.20554,0.039700985,3.014927,1733176800,0.58795214
740,40.68277,-74.20317,0.23970103,3.014927,1733176800,0.5814739
741,40.68277,-74.200806,0.43970108,3.014927,1733176800,0.577489
742,40.68277,-74.19843,0.6397011,3.014927,1733176800,0.5759409
743,40.68277,-74.19606,0.8397012,3.014927,1733176800,0.5767514
744,40.68277,-74.19369,1.0397012,3.014927,1733176800,0.57994246
745,40.68277,-74.19132,1.2397013,3.014927,1733176800,0.58562243
746,40.68277,-74.18895,1.4397013,3.014927,1733176800,0.5940597
747,40.68277,-74.18658,1.6397014,3.014927,1733176800,0.6056691
748,40.68277,-74.184204,1.8397014,3.014927,1733176800,0.6210773
749,40.68277,-74.18184,2.0397015,3.014927,1733176800,0.641004
750,40.68277,-74.17947,2.2397015,3.014927,1733176800,0.6660357
751,40.68277,-74.17709,2.4397016,3.014927,1733176800,0.69687855
752,40.68277,-74.17472,2.6397016,3.014927,1733176800,0.733921
753,40.68277,-74.172356,2.8397017,3.014927,1733176800,0.7780735
754,40.684566,-74.23162,-2.1602995,3.214927,1733176800,0.8780372
755,40.684566,-74.229256,-1.9602995,3.214927,1733176800,0.84394073
756,40.684566,-74.22688,-1.7602994,3.214927,1733176800,0.81299156
757,40.684566,-74.22451,-1.5602994,3.214927,1733176800,0.7839796
758,40.684566,-74.22214,-1.3602993,3.214927,1733176800,0.7575756
759,40.684566,-74.21977,-1.1602993,3.214927,1733176800,0.7339029
760,40.684566,-74.2174,-0.96029925,3.214927,1733176800,0.71280044
761,40.684566,-74.21503,-0.7602992,3.214927,1733176800,0.6939264
762,40.684566,-74.212654,-0.56029916,3.214927,1733176800,0.6774157
763,40.684566,-74.21029,-0.3602991,3.214927,1733176800,0.66338
764,40.684566,-74.20792,-0.16029906,3.214927,1733176800,0.65187806
765,40.684566,-74.20554,0.039700985,3.214927,1733176800,0.6429618
766,40.684566,-74.20317,0.23970103,3.214927,1733176800,0.6367263
767,40.684566,-74.200806,0.43970108,3.214927,1733176800,0.63311523
768,40.684566,-74.19843,0.6397011,3.214927,1733176800,0.6320429
769,40.684566,-74.19606,0.8397012,3.214927,1733176800,0.63343084
770,40.684566,-74.19369,1.0397012,3.214927,1733176800,0.6371759
771,40.684566,-74.19132,1.2397013,3.214927,1733176800,0.6433283
772,40.684566,-74.18895,1.4397013,3.214927,1733176800,0.65202445
773,40.684566,-74.18658,1.6397014,3.214927,1733176800,0.66354126
774,40.684566,-74.184204,1.8397014,3.214927,1733176800,0.67837745
775,40.684566,-74.18184,2.0397015,3.214927,1733176800,0.6972748
776,40.684566,-74.17947,2.2397015,3.214927,1733176800,0.72097003
777,40.684566,-74.17709,2.4397016,3.214927,1733176800,0.75031835
778,40.684566,-74.17472,2.6397016,3.214927,1733176800,0.78636193
779,40.684566,-74.172356,2.8397017,3.214927,1733176800,0.8297945
